{
    "name": "slabtext",
    "title": "slabText",
    "description": "slabText – a jQuery plugin for producing big, bold & responsive headlines",
    "keywords": [
        "typography"
    ],
    "version": "2.2.0",
    "author": {
        "name": "Brian McAllister",
        "url": "http://www.frequency-decoder.com/"
    },
    "licenses": [
        {
        "type": "MIT",
        "url": "https://github.com/freqdec/slabText/blob/master/LICENSE.txt"
        }
    ],
    "bugs": "https://github.com/freqdec/slabText/issues",
    "homepage": "http://www.frequency-decoder.com/demo/slabText/",
    "docs": "http://www.frequency-decoder.com/demo/slabText/",
    "download": "https://github.com/freqdec/slabText",
    "dependencies": {
        "jquery": ">=1.4.2"
    }
}